Designator,Footprint,Quantity,Value,LCSC Part #
"C1, C2",0805,2,1µF,
"C11, C13, C15, C3",0805,4,100nF,
"C12, C14, C16, C4",0805,4,10µF,
"C5, C6",0805,2,2.2µF,
"C7, C8",0805,2,2.2nF,
"H1, H2, H3, H4",MountingHole_2.7mm_M2.5,4,MountingHole,
J1,PinSocket_2x20_P2.54mm_Vertical,1,Pi,
J2,PinHeader_1x05_P2.54mm_Horizontal,1,Amp,
J3,PinHeader_1x04_P2.54mm_Horizontal,1,LCD,
J4,PinHeader_1x02_P2.54mm_Horizontal,1,Next,
J5,PinHeader_1x02_P2.54mm_Horizontal,1,Prev,
J6,PinHeader_1x02_P2.54mm_Horizontal,1,Supply,
J7,PinHeader_1x04_P2.54mm_Vertical,1,LCD,
"R1, R2",0805,2,470R,
"R3, R4",0805,2,DNF,
R7,0805,1,10k,
U1,TSSOP-20_4.4x6.5mm_P0.65mm,1,PCM5100A,
U2,TSOT-23-5,1,AMP150,
